,CellBarcode,gene,cell.frac.flu,cell.minor.frac,reads,wt.frac,syn.frac,minor.frac
1,ACATGGTGGTTCTT-10hr,PB2,0.0531440162271805,0.379939209726444,64,0.675675675675676,0.324324324324324,0.324324324324324
2,ACATGGTGGTTCTT-10hr,PB1,0.0531440162271805,0.379939209726444,0,NA,NA,NA
3,ACATGGTGGTTCTT-10hr,PA,0.0531440162271805,0.379939209726444,17,0,1,0
4,ACATGGTGGTTCTT-10hr,NP,0.0531440162271805,0.379939209726444,157,0.111111111111111,0.888888888888889,0.111111111111111
5,ACATGGTGGTTCTT-10hr,HA,0.0531440162271805,0.379939209726444,108,1,0,0
6,ACATGGTGGTTCTT-10hr,NA,0.0531440162271805,0.379939209726444,118,0.491803278688525,0.508196721311475,0.491803278688525
7,ACATGGTGGTTCTT-10hr,M,0.0531440162271805,0.379939209726444,79,1,0,0
8,ACATGGTGGTTCTT-10hr,NS,0.0531440162271805,0.379939209726444,112,1,0,0
9,CATGCGCTGAATCC-8hr,PB2,0.0579197765265593,0.423014586709887,54,0.65,0.35,0.35
10,CATGCGCTGAATCC-8hr,PB1,0.0579197765265593,0.423014586709887,12,0.833333333333333,0.166666666666667,0.166666666666667
11,CATGCGCTGAATCC-8hr,PA,0.0579197765265593,0.423014586709887,30,0.214285714285714,0.785714285714286,0.214285714285714
12,CATGCGCTGAATCC-8hr,NP,0.0579197765265593,0.423014586709887,239,0.507936507936508,0.492063492063492,0.492063492063492
13,CATGCGCTGAATCC-8hr,HA,0.0579197765265593,0.423014586709887,87,0.390243902439024,0.609756097560976,0.390243902439024
14,CATGCGCTGAATCC-8hr,NA,0.0579197765265593,0.423014586709887,143,1,0,0
15,CATGCGCTGAATCC-8hr,M,0.0579197765265593,0.423014586709887,367,0.583850931677019,0.416149068322981,0.416149068322981
16,CATGCGCTGAATCC-8hr,NS,0.0579197765265593,0.423014586709887,395,0.50561797752809,0.49438202247191,0.49438202247191
17,ACGGCGTGCACCAA-8hr-2,PB2,0.05895398262798,0.496688741721854,12,0.375,0.625,0.375
18,ACGGCGTGCACCAA-8hr-2,PB1,0.05895398262798,0.496688741721854,4,0.333333333333333,0.666666666666667,0.333333333333333
19,ACGGCGTGCACCAA-8hr-2,PA,0.05895398262798,0.496688741721854,4,1,0,0
20,ACGGCGTGCACCAA-8hr-2,NP,0.05895398262798,0.496688741721854,55,0.37037037037037,0.62962962962963,0.37037037037037
21,ACGGCGTGCACCAA-8hr-2,HA,0.05895398262798,0.496688741721854,20,0.666666666666667,0.333333333333333,0.333333333333333
22,ACGGCGTGCACCAA-8hr-2,NA,0.05895398262798,0.496688741721854,52,0.523809523809524,0.476190476190476,0.476190476190476
23,ACGGCGTGCACCAA-8hr-2,M,0.05895398262798,0.496688741721854,105,0.468085106382979,0.531914893617021,0.468085106382979
24,ACGGCGTGCACCAA-8hr-2,NS,0.05895398262798,0.496688741721854,67,0.551724137931034,0.448275862068966,0.448275862068966
25,CCACTGACCCGATA-10hr,PB2,0.0598794549266247,0.404761904761905,17,1,0,0
26,CCACTGACCCGATA-10hr,PB1,0.0598794549266247,0.404761904761905,0,NA,NA,NA
27,CCACTGACCCGATA-10hr,PA,0.0598794549266247,0.404761904761905,21,0.888888888888889,0.111111111111111,0.111111111111111
28,CCACTGACCCGATA-10hr,NP,0.0598794549266247,0.404761904761905,100,1,0,0
29,CCACTGACCCGATA-10hr,HA,0.0598794549266247,0.404761904761905,1,NA,NA,NA
30,CCACTGACCCGATA-10hr,NA,0.0598794549266247,0.404761904761905,99,0.377777777777778,0.622222222222222,0.377777777777778
31,CCACTGACCCGATA-10hr,M,0.0598794549266247,0.404761904761905,117,0,1,0
32,CCACTGACCCGATA-10hr,NS,0.0598794549266247,0.404761904761905,102,0,1,0
33,ACGATTCTTTGCAG-10hr,PB2,0.111553784860558,0.435344827586207,72,0.696969696969697,0.303030303030303,0.303030303030303
34,ACGATTCTTTGCAG-10hr,PB1,0.111553784860558,0.435344827586207,29,0.1875,0.8125,0.1875
35,ACGATTCTTTGCAG-10hr,PA,0.111553784860558,0.435344827586207,19,0.714285714285714,0.285714285714286,0.285714285714286
36,ACGATTCTTTGCAG-10hr,NP,0.111553784860558,0.435344827586207,315,0,1,0
37,ACGATTCTTTGCAG-10hr,HA,0.111553784860558,0.435344827586207,178,0,1,0
38,ACGATTCTTTGCAG-10hr,NA,0.111553784860558,0.435344827586207,366,0.2125,0.7875,0.2125
39,ACGATTCTTTGCAG-10hr,M,0.111553784860558,0.435344827586207,654,1,0,0
40,ACGATTCTTTGCAG-10hr,NS,0.111553784860558,0.435344827586207,1503,0.386435331230284,0.613564668769716,0.386435331230284
41,GGAACTTGGGCATT-8hr-2,PB2,0.171158487530169,0.436657681940701,21,0.5,0.5,0.5
42,GGAACTTGGGCATT-8hr-2,PB1,0.171158487530169,0.436657681940701,12,0.428571428571429,0.571428571428571,0.428571428571429
43,GGAACTTGGGCATT-8hr-2,PA,0.171158487530169,0.436657681940701,17,0.4,0.6,0.4
44,GGAACTTGGGCATT-8hr-2,NP,0.171158487530169,0.436657681940701,62,1,0,0
45,GGAACTTGGGCATT-8hr-2,HA,0.171158487530169,0.436657681940701,5,0,1,0
46,GGAACTTGGGCATT-8hr-2,NA,0.171158487530169,0.436657681940701,173,0.125,0.875,0.125
47,GGAACTTGGGCATT-8hr-2,M,0.171158487530169,0.436657681940701,322,0.5,0.5,0.5
48,GGAACTTGGGCATT-8hr-2,NS,0.171158487530169,0.436657681940701,239,0.4,0.6,0.4
49,AAGTGGCTATGACC-10hr,PB2,0.176989150090416,0.473320158102767,22,1,0,0
50,AAGTGGCTATGACC-10hr,PB1,0.176989150090416,0.473320158102767,27,0.6,0.4,0.4
51,AAGTGGCTATGACC-10hr,PA,0.176989150090416,0.473320158102767,25,1,0,0
52,AAGTGGCTATGACC-10hr,NP,0.176989150090416,0.473320158102767,300,0.551724137931034,0.448275862068966,0.448275862068966
53,AAGTGGCTATGACC-10hr,HA,0.176989150090416,0.473320158102767,62,0,1,0
54,AAGTGGCTATGACC-10hr,NA,0.176989150090416,0.473320158102767,232,0.835164835164835,0.164835164835165,0.164835164835165
55,AAGTGGCTATGACC-10hr,M,0.176989150090416,0.473320158102767,975,0.383529411764706,0.616470588235294,0.383529411764706
56,AAGTGGCTATGACC-10hr,NS,0.176989150090416,0.473320158102767,706,0.63898916967509,0.36101083032491,0.36101083032491
57,AGCCGGACCCCGTT-8hr-2,PB2,0.278732809430255,0.419291338582677,26,0.526315789473684,0.473684210526316,0.473684210526316
58,AGCCGGACCCCGTT-8hr-2,PB1,0.278732809430255,0.419291338582677,13,1,0,0
59,AGCCGGACCCCGTT-8hr-2,PA,0.278732809430255,0.419291338582677,26,0.333333333333333,0.666666666666667,0.333333333333333
60,AGCCGGACCCCGTT-8hr-2,NP,0.278732809430255,0.419291338582677,148,0.461538461538462,0.538461538461538,0.461538461538462
61,AGCCGGACCCCGTT-8hr-2,HA,0.278732809430255,0.419291338582677,58,0,1,0
62,AGCCGGACCCCGTT-8hr-2,NA,0.278732809430255,0.419291338582677,263,0.391304347826087,0.608695652173913,0.391304347826087
63,AGCCGGACCCCGTT-8hr-2,M,0.278732809430255,0.419291338582677,255,0.401785714285714,0.598214285714286,0.401785714285714
64,AGCCGGACCCCGTT-8hr-2,NS,0.278732809430255,0.419291338582677,346,0.453900709219858,0.546099290780142,0.453900709219858
65,TAAACAACTACGAC-10hr,PB2,0.296775397244939,0.440460081190798,160,0,1,0
66,TAAACAACTACGAC-10hr,PB1,0.296775397244939,0.440460081190798,83,0.693877551020408,0.306122448979592,0.306122448979592
67,TAAACAACTACGAC-10hr,PA,0.296775397244939,0.440460081190798,110,0.436363636363636,0.563636363636364,0.436363636363636
68,TAAACAACTACGAC-10hr,NP,0.296775397244939,0.440460081190798,1661,0.388571428571429,0.611428571428571,0.388571428571429
69,TAAACAACTACGAC-10hr,HA,0.296775397244939,0.440460081190798,252,0.0852713178294574,0.914728682170543,0.0852713178294574
70,TAAACAACTACGAC-10hr,NA,0.296775397244939,0.440460081190798,1213,0.336380255941499,0.663619744058501,0.336380255941499
71,TAAACAACTACGAC-10hr,M,0.296775397244939,0.440460081190798,3503,0.516677155443675,0.483322844556325,0.483322844556325
72,TAAACAACTACGAC-10hr,NS,0.296775397244939,0.440460081190798,2562,0.484712230215827,0.515287769784173,0.484712230215827
73,TGTGGATGGACAGG-10hr,PB2,0.398865784499055,0.488331591779868,380,0,1,0
74,TGTGGATGGACAGG-10hr,PB1,0.398865784499055,0.488331591779868,155,0,1,0
75,TGTGGATGGACAGG-10hr,PA,0.398865784499055,0.488331591779868,264,0.690140845070423,0.309859154929577,0.309859154929577
76,TGTGGATGGACAGG-10hr,NP,0.398865784499055,0.488331591779868,2951,0.489445910290237,0.510554089709763,0.489445910290237
77,TGTGGATGGACAGG-10hr,HA,0.398865784499055,0.488331591779868,126,1,0,0
78,TGTGGATGGACAGG-10hr,NA,0.398865784499055,0.488331591779868,893,0.376,0.624,0.376
79,TGTGGATGGACAGG-10hr,M,0.398865784499055,0.488331591779868,1349,0.656307129798903,0.343692870201097,0.343692870201097
80,TGTGGATGGACAGG-10hr,NS,0.398865784499055,0.488331591779868,1,NA,NA,NA
